age,bmi,blood_pressure,glucose,activity_hours,sleep_hours,risk_label
58,19.1,125,127,2.8,8.1,Moderate
75,27.4,165,173,0.6,4.5,High
56,17.5,115,204,5.2,6.5,High
73,17.1,110,173,4.2,4.9,High
39,18.9,138,89,4.4,5.9,Low
20,30.9,158,96,11.7,6.1,Moderate
71,28.9,136,114,8.5,4.3,Moderate
36,35.7,119,90,4.7,6.5,Moderate
28,24.0,116,133,8.5,7.8,Low
58,20.3,121,106,5.7,5.5,Low
62,27.6,131,79,2.9,4.2,Moderate
35,18.3,162,145,2.7,6.7,High
59,25.7,123,100,3.1,7.1,Low
55,25.1,164,167,4.5,9.5,High
49,18.7,96,93,2.0,4.9,Low
56,18.2,138,184,6.4,9.3,High
18,29.9,104,202,9.1,8.2,High
36,25.3,148,65,11.5,8.8,Low
50,31.5,154,92,10.5,5.6,Moderate
56,20.8,137,106,6.6,8.3,Low
18,28.4,152,69,1.5,6.0,Moderate
69,22.8,97,126,10.6,9.2,Low
49,32.5,158,97,1.7,6.6,Moderate
34,27.0,167,173,11.6,9.1,High
62,20.8,129,167,11.9,7.6,Moderate
51,25.6,121,122,1.0,4.1,Low
55,21.2,99,80,2.9,9.0,Low
22,26.8,125,189,2.7,4.7,High
54,27.9,121,186,9.7,5.0,Moderate
45,23.7,142,184,10.4,4.3,High
59,18.9,141,151,9.6,4.6,Moderate
52,25.5,144,111,3.5,5.4,Moderate
46,32.4,160,90,0.8,9.5,Moderate
80,18.8,120,107,5.0,6.6,Moderate
75,18.1,138,65,11.8,5.5,Moderate
47,22.4,161,189,2.0,5.6,High
55,31.0,97,145,0.9,7.2,Moderate
72,27.1,97,195,1.1,5.0,High
61,33.4,141,95,11.3,7.1,Moderate
20,28.8,143,209,6.4,9.1,High
63,23.0,123,166,1.7,7.6,Moderate
77,31.3,99,67,5.6,9.5,Moderate
22,27.2,154,132,1.8,5.9,Moderate
33,24.0,110,177,10.0,7.9,Moderate
69,29.4,91,206,3.7,7.6,High
26,22.0,103,206,2.0,5.5,High
39,20.9,123,194,6.0,9.0,High
23,29.1,125,76,0.2,8.2,Low
34,20.1,146,206,8.5,7.1,High
78,33.8,109,204,0.6,6.0,High
45,19.4,129,158,10.8,8.4,Moderate
75,23.8,121,91,4.4,7.1,Moderate
80,28.8,109,125,10.4,9.4,Moderate
74,24.8,112,150,9.4,6.3,Moderate
65,32.4,124,105,9.5,4.6,Moderate
72,25.9,115,182,4.3,8.5,High
32,17.4,114,167,4.1,8.8,Moderate
35,23.7,155,167,8.2,8.6,Moderate
19,19.2,123,110,7.1,9.4,Low
56,25.3,130,176,7.4,6.8,Moderate
54,20.6,95,176,0.2,9.1,Moderate
64,34.9,115,158,5.3,9.2,High
57,23.0,105,141,6.2,7.7,Low
62,22.6,106,114,5.2,9.2,Low
75,20.3,162,142,5.0,8.6,High
31,25.2,164,147,5.7,6.4,Moderate
48,32.1,111,86,3.5,7.7,Low
23,32.6,120,144,2.9,5.1,Moderate
33,35.7,168,83,5.6,8.9,High
63,30.2,153,167,3.1,7.6,High
66,33.3,103,173,2.8,8.4,High
47,18.0,121,96,5.6,8.4,Low
53,28.3,146,194,5.2,9.0,High
28,31.1,150,180,3.3,5.4,High
67,31.8,152,126,3.4,4.4,High
35,23.4,159,85,1.8,5.3,Moderate
63,21.1,143,169,4.1,6.6,High
71,25.0,164,70,10.3,8.2,Moderate
18,34.9,128,164,10.3,9.2,Moderate
65,31.0,167,121,6.0,5.5,High
42,23.4,141,107,10.1,9.1,Low
52,17.5,140,209,8.0,4.5,High
73,25.8,96,131,4.7,5.2,Moderate
66,33.7,125,172,3.2,4.5,High
52,18.0,134,122,7.9,8.3,Low
66,17.6,121,116,10.1,7.4,Low
48,29.7,162,120,5.7,5.4,Moderate
56,28.5,104,106,11.6,4.6,Low
37,27.9,138,166,11.3,5.1,Moderate
71,28.9,103,142,10.2,7.3,Moderate
80,27.8,95,153,6.5,7.6,High
59,23.5,143,190,1.4,9.3,High
71,25.7,109,176,2.3,6.9,High
57,32.4,158,188,5.7,8.5,High
38,33.2,101,136,10.6,5.3,Moderate
57,29.7,133,72,6.0,5.8,Moderate
40,32.2,133,136,10.6,7.9,Moderate
18,26.8,114,86,3.0,6.2,Low
33,30.1,152,179,9.6,4.5,High
62,21.6,164,159,5.8,6.9,High
65,27.5,135,181,3.4,5.4,High
30,23.0,158,112,2.5,8.1,Moderate
55,35.6,157,137,11.8,8.6,High
41,20.4,91,201,1.7,4.3,Moderate
36,30.3,106,190,1.4,4.1,High
48,25.4,113,78,3.2,8.7,Low
22,24.6,99,78,2.0,8.5,Low
23,35.9,105,207,9.2,7.3,High
32,31.7,138,180,10.9,5.6,High
45,22.8,169,80,7.4,8.1,Moderate
31,28.9,123,85,2.1,5.0,Low
18,24.8,166,185,3.6,5.3,High
62,33.3,99,124,11.1,8.3,Moderate
60,32.3,115,173,1.6,5.2,High
35,32.7,99,80,2.2,5.7,Low
54,34.5,146,96,5.7,5.7,Moderate
35,26.5,153,177,1.1,4.2,High
38,28.5,93,88,2.9,7.7,Low
55,35.1,124,75,9.2,5.0,Moderate
46,34.4,113,176,7.7,6.7,Moderate
40,24.8,131,91,10.3,5.8,Low
36,29.6,141,205,0.6,4.5,High
25,35.4,141,196,9.9,4.0,High
47,24.9,114,197,4.5,8.2,High
66,18.0,124,205,1.7,5.6,High
49,19.3,170,126,8.6,5.7,Moderate
44,18.8,104,183,11.4,7.6,Low
77,30.6,155,134,5.1,6.7,High
47,27.5,139,113,11.1,6.8,Low
73,18.3,143,152,11.2,6.8,High
36,30.8,165,190,10.4,6.5,High
39,27.5,159,161,5.6,5.8,High
62,21.5,139,124,10.3,6.3,Moderate
48,30.4,138,163,11.9,8.4,Moderate
27,26.4,94,97,6.1,7.2,Low
73,33.1,102,199,10.9,4.1,High
73,29.4,109,84,5.7,9.3,Moderate
62,24.6,100,149,10.3,8.7,Moderate
38,28.9,152,203,0.6,4.4,High
76,22.5,119,88,5.3,4.5,Moderate
73,18.9,111,141,10.9,4.3,Moderate
36,23.8,145,102,3.1,6.3,Low
29,20.2,100,162,7.5,5.3,Moderate
27,21.4,122,182,3.2,4.1,High
75,22.5,159,105,1.1,9.2,High
37,29.1,144,129,5.6,5.7,Moderate
72,26.2,120,162,6.9,7.2,High
36,17.4,140,135,0.3,8.8,Moderate
80,17.9,167,192,10.0,9.0,High
32,28.5,135,121,7.7,7.4,Low
64,31.6,107,89,10.9,7.6,Low
46,17.6,136,98,1.3,5.6,Low
29,20.8,159,158,6.5,9.0,High
34,34.4,151,140,9.0,5.9,Moderate
79,18.4,118,166,11.6,8.4,Moderate
68,24.5,123,202,1.7,6.0,High
34,28.1,137,92,8.2,6.6,Low
78,27.7,168,121,7.8,7.5,High
62,22.7,142,94,1.8,9.2,Moderate
49,19.2,120,202,1.8,6.5,High
65,30.2,159,172,7.1,8.0,High
59,18.9,152,169,11.3,5.5,High
31,25.4,120,157,1.4,7.8,Moderate
80,29.3,97,166,3.5,9.3,High
70,25.6,117,70,0.8,5.8,Moderate
68,27.7,98,206,2.6,5.2,High
39,31.7,166,65,3.5,9.4,High
52,21.8,112,93,8.0,4.1,Low
68,32.0,165,147,0.4,5.5,High
44,27.0,98,186,5.5,6.0,Moderate
46,26.6,168,76,8.8,9.0,Moderate
37,25.7,93,80,12.0,8.7,Low
24,26.3,146,83,10.8,5.8,Low
26,22.2,164,205,8.6,6.1,High
36,25.6,167,175,1.4,7.9,High
59,33.7,160,120,5.3,8.9,High
70,25.6,143,89,3.9,5.7,Moderate
79,19.9,150,82,1.3,4.5,High
65,31.0,106,207,0.9,9.3,High
60,19.3,135,173,10.4,8.0,High
56,22.9,103,194,2.7,7.6,High
24,23.7,161,159,1.6,5.5,High
45,33.1,169,207,0.5,9.1,High
35,17.6,124,144,11.1,5.9,Low
27,27.8,141,82,1.9,7.5,Low
65,27.1,138,172,5.6,4.9,High
38,31.8,162,86,10.6,4.9,Moderate
21,29.8,124,178,8.0,6.7,Moderate
35,21.1,155,94,4.3,4.6,Moderate
55,26.2,129,76,2.8,9.4,Low
31,22.7,117,100,9.2,5.6,Low
49,31.2,112,98,4.7,7.9,Low
71,29.7,135,83,4.9,8.1,Moderate
47,34.5,130,174,7.0,7.9,High
25,24.7,131,108,9.7,7.4,Low
76,23.9,145,92,3.1,7.2,Moderate
43,33.5,133,121,4.1,4.9,Moderate
25,27.1,114,154,4.3,9.3,Moderate
27,21.5,108,130,2.5,7.3,Low
59,18.4,170,191,5.7,7.1,High
61,34.6,162,147,10.4,7.4,High
22,25.9,170,142,9.6,7.3,Moderate
22,22.9,147,74,0.9,8.6,Low
73,35.6,101,194,4.7,7.2,High
65,34.0,147,113,4.0,6.6,High
21,25.6,133,86,6.2,4.9,Low
46,35.8,157,198,7.4,6.0,High
42,24.8,133,78,9.5,7.6,Low
24,27.6,139,137,3.2,8.7,Moderate
56,33.6,132,85,7.1,4.8,Moderate
79,29.5,140,98,7.2,9.2,Moderate
42,29.2,132,97,8.1,8.6,Low
61,34.3,101,173,6.2,4.1,High
78,21.1,152,114,2.9,4.8,High
72,32.0,154,203,10.1,8.9,High
39,33.7,169,98,7.2,4.8,Moderate
62,31.7,111,177,0.7,6.0,High
80,25.4,126,179,3.0,5.3,High
68,25.9,114,159,8.2,7.1,Moderate
67,22.4,138,193,6.4,9.3,High
69,28.5,122,78,7.8,8.8,Low
24,30.5,156,96,3.6,8.2,Moderate
75,26.8,145,88,11.4,5.2,Moderate
40,34.7,143,78,4.9,6.1,Moderate
23,24.1,93,146,11.2,8.6,Low
68,19.8,94,138,11.0,6.6,Moderate
66,30.4,147,66,10.9,4.1,Moderate
27,27.4,167,200,5.2,8.3,High
25,17.9,143,182,0.9,8.6,High
52,17.3,155,126,8.7,5.6,Moderate
40,21.6,143,112,8.0,4.5,Moderate
22,35.1,159,194,9.5,6.8,High
73,25.9,139,160,3.2,4.1,High
40,21.6,170,91,9.3,8.0,Low
20,23.7,133,109,10.0,7.8,Low
48,29.0,107,81,8.6,9.2,Low
30,17.8,115,75,3.9,5.7,Low
70,27.3,122,74,9.1,5.1,Low
67,17.9,132,134,1.7,6.0,High
65,25.4,139,151,11.7,6.7,Moderate
77,32.1,124,86,8.8,4.4,Moderate
70,20.4,127,147,1.4,5.8,Moderate
46,28.4,144,107,8.3,5.9,Low
73,34.3,168,176,3.4,9.4,High
22,29.8,141,158,6.3,8.1,Moderate
19,19.7,167,177,0.6,4.4,High
41,23.9,162,73,7.3,7.7,Moderate
41,25.4,99,100,6.4,6.2,Low
33,35.2,93,112,6.1,6.1,Moderate
34,31.7,147,119,12.0,5.6,Moderate
49,20.8,107,83,5.5,8.9,Low
23,32.4,130,153,8.6,7.0,Moderate
37,33.2,112,157,6.2,4.7,Moderate
26,21.5,153,71,4.5,7.1,Low
80,27.5,168,87,1.0,6.2,High
48,27.0,142,83,1.7,5.7,Low
47,29.9,134,97,10.6,8.3,Low
29,31.6,106,175,6.1,8.8,High
51,19.9,111,106,4.0,7.9,Low
78,26.9,126,85,3.2,7.5,Moderate
26,28.9,168,201,1.3,7.5,High
55,19.9,169,151,10.1,7.1,High
19,18.5,163,132,7.9,8.2,Moderate
58,17.6,170,204,3.6,9.3,High
69,32.3,141,141,5.6,7.8,High
44,26.2,116,152,7.4,5.7,Moderate
64,35.8,134,167,1.7,6.0,High
38,21.6,105,133,5.5,4.8,Low
78,24.3,168,172,3.1,8.8,High
38,34.7,130,113,9.2,6.7,Moderate
49,33.7,153,70,1.3,6.2,Moderate
33,21.1,135,77,0.8,6.7,Low
59,29.8,126,202,0.3,4.6,High
34,30.8,141,158,0.7,4.3,High
41,27.5,99,163,6.2,8.2,Moderate
57,29.9,105,97,11.7,6.2,Low
39,27.6,136,101,2.5,6.8,Low
20,17.7,132,186,6.3,4.8,High
26,23.2,168,146,2.1,9.4,High
37,28.3,154,195,6.5,7.9,High
70,17.3,132,93,11.8,7.2,Low
64,33.6,170,71,7.2,5.5,High
80,31.7,163,123,8.7,7.2,High
58,30.7,138,102,9.9,5.3,Moderate
62,19.1,92,177,3.9,4.8,High
44,26.5,168,185,10.5,8.0,High
26,26.9,161,148,12.0,6.6,Moderate
79,20.3,158,152,6.6,7.7,High
61,29.2,123,188,2.5,5.4,High
32,34.9,128,138,8.5,7.8,Moderate
48,23.6,125,138,1.6,7.7,Low
80,24.5,134,102,3.6,5.6,Moderate
40,34.6,122,187,2.7,8.6,High
53,30.2,107,92,7.5,7.2,Low
60,34.2,118,124,0.8,6.3,Moderate
24,29.9,107,66,11.6,9.4,Low
59,34.8,150,187,7.9,8.2,High
36,29.3,101,124,6.5,8.0,Low
76,34.5,143,110,11.2,4.2,High
68,26.4,127,74,0.3,7.1,Low
80,23.4,148,204,6.4,8.9,High
50,25.9,114,93,4.1,8.0,Low
63,20.5,133,140,6.9,8.2,Moderate
72,29.1,141,174,6.3,4.5,High
29,35.7,151,147,11.2,4.0,High
46,31.3,132,142,7.1,7.2,Moderate
41,30.2,97,95,5.7,4.9,Low
77,34.0,129,95,7.7,9.2,Moderate
32,21.2,107,187,2.0,8.1,Moderate
44,30.3,150,202,9.7,8.5,High
61,31.3,100,199,5.5,7.9,High
54,19.1,160,194,2.6,7.0,High
72,26.9,104,117,8.7,6.7,Moderate
46,32.4,148,98,6.3,6.5,Low
47,29.8,129,70,4.9,8.5,Low
55,18.4,144,153,8.5,7.0,Moderate
75,18.3,150,73,3.6,5.0,Moderate
59,35.6,143,160,11.9,6.1,High
76,24.2,100,203,1.8,8.7,High
52,24.5,106,122,10.1,8.2,Low
47,29.8,159,173,6.5,8.5,High
40,19.9,114,93,0.6,7.6,Low
77,33.8,92,126,2.6,4.6,High
56,29.8,96,127,8.9,6.2,Low
31,31.3,97,100,6.1,5.6,Low
64,27.9,163,147,3.0,8.8,High
51,21.2,128,135,0.9,9.2,Moderate
76,20.3,144,207,6.0,9.3,High
60,24.2,157,146,8.4,6.2,High
29,31.3,150,126,10.2,5.7,Moderate
69,25.8,97,208,5.1,6.3,High
42,21.6,116,149,7.8,9.1,Low
23,27.2,114,78,3.4,7.7,Low
73,18.4,165,208,2.8,5.1,High
37,35.2,91,119,11.3,9.3,Low
66,26.1,121,117,4.9,5.3,Moderate
36,24.2,158,156,3.8,6.0,High
47,18.9,150,146,11.0,6.0,Moderate
54,33.4,108,69,3.3,9.1,Moderate
44,22.6,115,149,2.9,7.1,Low
53,29.4,133,130,9.2,6.7,Moderate
65,26.3,111,155,2.2,8.0,Moderate
76,33.9,97,199,0.6,8.7,High
60,17.9,90,170,1.8,7.5,Moderate
27,17.2,154,181,4.6,7.4,High
57,34.3,152,69,0.3,7.0,Moderate
51,30.7,158,138,0.4,8.5,High
69,34.9,112,92,11.0,6.9,Moderate
57,27.0,135,133,9.6,4.4,Moderate
47,27.7,118,141,8.3,8.7,Low
72,29.3,94,88,5.0,6.1,Moderate
58,17.2,111,86,6.1,6.4,Low
54,35.6,102,200,11.0,5.3,High
62,33.9,150,134,0.7,4.4,High
75,27.3,94,110,11.2,5.7,Moderate
55,19.7,140,84,3.7,7.1,Low
72,24.4,159,149,4.7,8.1,High
62,30.8,154,153,0.8,6.4,High
39,28.5,168,166,11.6,5.8,High
68,35.9,152,123,4.4,9.2,High
61,28.1,138,86,9.3,5.6,Low
22,18.6,109,162,8.6,7.5,Moderate
38,23.9,101,66,11.3,6.4,Low
24,19.5,113,175,5.5,7.1,Moderate
19,18.7,160,88,7.2,8.3,Moderate
18,22.5,139,86,8.8,7.1,Low
33,27.9,111,162,2.2,5.5,Moderate
27,18.2,145,135,5.2,6.7,Low
34,34.9,170,191,7.2,5.1,High
37,17.1,140,150,10.1,6.1,Moderate
46,23.4,166,99,3.7,7.3,Moderate
48,23.0,140,146,3.6,7.8,Moderate
54,31.9,131,161,3.5,8.3,High
77,27.7,165,204,2.3,8.2,High
64,25.8,116,177,9.6,8.6,Moderate
72,32.1,142,192,1.8,5.7,High
27,30.6,138,83,5.5,7.3,Low
52,26.6,143,204,0.6,9.3,High
69,27.2,100,92,9.3,7.6,Low
59,28.6,162,167,11.6,5.8,High
24,17.2,123,121,6.2,6.9,Low
54,21.2,137,165,5.7,7.7,High
27,23.6,93,188,1.4,6.3,High
25,32.8,108,154,3.9,6.5,Moderate
48,23.6,102,177,8.7,6.5,Moderate
20,32.4,104,70,10.2,7.6,Low
28,34.7,121,197,2.3,4.9,High
79,25.8,141,112,2.4,7.6,Moderate
65,28.7,115,180,7.2,6.1,High
31,22.3,98,91,9.6,7.0,Low
30,25.7,123,190,6.4,7.5,Moderate
57,24.5,104,154,4.4,6.5,Moderate
61,30.4,128,86,8.1,5.7,Low
25,20.5,108,195,4.8,7.3,Moderate
45,20.5,158,109,6.7,6.7,Low
38,33.0,169,78,10.4,9.2,Moderate
30,32.5,161,194,7.9,6.3,High
63,33.0,152,107,1.2,4.2,High
36,17.6,118,202,3.6,8.3,High
67,31.6,160,195,1.5,4.6,High
70,35.8,159,75,9.2,6.4,High
45,18.9,121,141,10.5,4.2,Low
73,32.5,146,95,9.4,5.3,High
55,30.1,168,174,2.2,4.8,High
31,32.3,162,154,6.5,7.3,High
80,30.4,127,133,11.4,6.8,High
70,18.8,142,80,11.9,8.8,Low
73,19.5,108,147,10.0,8.2,Moderate
49,19.7,170,133,7.6,6.1,Moderate
68,33.7,101,168,6.3,5.5,High
41,25.6,152,148,7.1,8.8,Moderate
23,30.9,148,156,10.2,8.4,Moderate
79,25.2,117,191,3.4,8.6,High
54,19.5,152,152,10.8,8.2,Moderate
58,31.9,148,69,1.7,8.7,Moderate
18,35.8,144,116,11.9,9.0,Moderate
37,20.0,125,88,7.9,5.4,Low
75,29.3,96,166,7.6,8.0,High
45,29.5,102,65,2.7,4.4,Low
51,29.9,91,67,8.4,8.5,Low
45,30.2,151,83,2.9,4.5,Moderate
24,23.0,128,100,4.7,8.5,Low
59,35.9,108,82,6.5,4.0,Moderate
46,23.7,117,103,11.1,7.4,Low
31,18.6,102,100,9.1,7.2,Low
79,25.2,107,128,3.5,4.5,Moderate
56,30.7,126,71,10.2,7.6,Low
51,28.5,114,165,3.7,4.3,High
79,21.5,139,93,3.0,7.5,Moderate
74,35.6,136,146,1.8,8.7,High
41,27.4,112,185,11.5,8.2,Moderate
22,17.3,117,75,11.1,9.2,Low
36,28.9,154,171,5.2,6.2,High
52,28.7,125,86,3.9,6.8,Low
69,20.0,131,165,7.1,8.2,High
59,18.3,145,126,0.9,4.5,Moderate
47,28.6,97,144,8.1,7.6,Low
18,30.5,91,106,6.1,5.9,Low
70,30.7,111,160,1.7,8.3,High
74,19.2,93,150,9.7,5.5,Moderate
63,35.5,170,84,6.1,6.8,High
72,27.8,137,105,3.2,4.6,Moderate
64,19.2,155,65,0.7,8.7,Moderate
48,23.9,109,110,11.2,8.7,Low
76,30.6,143,122,4.0,6.3,High
35,32.7,163,160,1.6,7.7,High
32,32.3,95,167,1.0,6.6,Moderate
72,22.9,101,206,5.6,6.0,High
68,22.8,169,127,5.7,7.3,High
67,31.7,159,127,2.0,9.1,High
52,23.6,91,150,0.2,7.6,Moderate
64,22.8,116,200,11.8,6.3,High
80,35.9,125,88,0.7,5.3,High
44,30.3,137,182,11.7,4.5,Moderate
26,29.1,140,84,7.2,4.3,Low
26,21.5,123,145,11.1,6.2,Low
38,23.0,124,124,1.1,5.1,Low
55,19.1,103,107,5.5,5.7,Low
40,35.3,116,180,3.8,5.5,High
28,32.3,128,75,2.7,8.7,Low
63,21.7,135,166,6.3,7.7,High
29,17.6,141,180,6.8,7.0,Moderate
24,32.3,107,96,0.3,8.6,Low
26,20.8,141,160,8.3,9.2,Moderate
55,21.9,99,70,12.0,5.1,Low
69,19.4,132,96,0.7,6.5,Low
54,25.2,140,192,0.5,7.8,High
31,34.3,125,136,5.5,4.8,Moderate
57,21.7,127,192,5.1,7.0,High
35,24.3,143,116,7.8,8.4,Low
69,27.3,92,162,9.4,6.0,High
49,23.5,162,193,4.0,5.5,High
56,21.2,125,79,9.7,6.6,Low
55,36.0,110,90,3.1,5.3,Moderate
68,34.4,97,121,7.0,9.4,Moderate
77,32.9,112,110,3.0,5.7,High
40,34.4,93,155,11.4,7.1,Moderate
30,32.9,153,203,3.8,6.7,High
32,28.4,92,199,5.8,5.8,High
69,19.5,112,147,0.9,4.8,High
27,31.7,157,158,11.5,6.1,High
43,28.1,133,142,4.0,9.4,Moderate
45,32.0,152,146,2.3,9.3,High
77,28.7,135,122,8.1,8.5,Moderate
64,30.1,106,110,8.8,9.2,Moderate
43,33.2,162,73,2.3,5.8,Moderate
57,21.2,162,91,11.3,4.8,Moderate
33,23.6,130,107,7.7,9.3,Low
60,29.1,132,179,0.3,5.2,High
40,21.9,103,65,0.8,6.4,Low
28,33.8,153,161,4.3,6.1,High
68,33.4,118,106,5.5,8.4,Moderate
19,23.1,103,83,4.2,8.9,Low
22,27.4,101,151,7.2,7.4,Moderate
19,25.2,111,176,2.1,4.6,Moderate
30,24.8,160,203,3.3,5.5,High
21,24.5,160,190,2.0,6.0,High
36,32.7,170,187,2.6,4.1,High
36,35.6,150,94,3.8,6.2,Moderate
60,22.0,159,164,2.4,8.9,High
46,17.8,146,184,3.3,8.6,High
27,31.3,102,86,8.1,8.4,Low
66,28.2,160,80,10.1,8.5,Moderate
52,30.1,150,125,5.8,4.4,High
63,17.7,163,197,9.6,7.7,High
25,35.0,147,109,11.4,4.9,Moderate
30,19.4,144,85,11.9,6.4,Low
58,19.8,166,131,4.0,8.0,High
23,24.4,140,206,4.0,5.5,High
73,17.2,169,198,9.4,4.6,High
54,28.2,102,92,6.8,4.6,Low
52,33.7,142,132,4.7,6.7,High
20,20.3,141,101,7.5,7.7,Low
43,33.9,132,125,0.8,6.6,Moderate
41,17.4,128,144,3.5,6.7,Moderate
24,35.5,119,99,3.7,8.1,Moderate
38,22.1,143,87,2.4,5.2,Low
65,26.2,156,160,9.9,6.8,High
37,30.5,141,99,9.4,6.9,Low
29,20.7,115,79,3.1,6.5,Low
63,20.8,137,183,6.2,7.5,High
19,21.6,152,179,2.3,8.8,High
40,23.5,123,88,3.6,6.1,Low
54,31.8,117,121,7.8,7.7,Low
44,26.8,91,186,11.0,7.6,Moderate
18,21.3,167,143,8.6,7.9,Moderate
75,24.2,134,182,3.2,6.6,High
70,28.8,164,91,0.3,9.5,High
71,24.1,166,137,3.7,4.6,High
35,29.2,125,131,7.9,9.2,Low
30,19.8,120,79,9.7,8.4,Low
60,23.1,107,71,7.9,9.5,Low
44,24.7,94,113,4.2,7.9,Low
58,31.9,135,194,3.7,4.9,High
53,20.4,102,185,1.7,5.4,High
66,34.3,132,87,2.8,5.2,High
44,32.0,132,160,3.3,5.6,High
48,18.0,164,83,5.8,5.1,Low
61,24.3,128,170,0.8,8.7,Moderate
30,23.5,162,182,1.9,8.7,High
23,26.3,170,110,3.9,4.3,Moderate
31,31.5,111,105,6.0,8.2,Low
57,25.2,144,168,5.3,6.6,Moderate
52,20.8,137,68,10.7,8.2,Low
19,29.9,170,128,2.9,8.8,High
24,24.3,165,143,2.2,8.5,Moderate
36,25.7,156,199,4.2,8.9,High
39,35.9,152,156,9.1,4.9,High
69,24.7,119,122,8.8,4.7,Moderate
55,26.6,105,158,8.6,8.4,Moderate
58,21.9,158,77,7.2,4.3,Moderate
71,17.4,104,171,5.4,4.7,High
62,19.9,170,67,3.8,7.6,Moderate
35,28.8,107,172,10.0,4.6,Moderate
25,22.4,103,192,2.5,5.1,Moderate
51,35.5,135,169,3.7,4.2,High
31,30.1,151,149,3.0,4.1,High
25,32.9,153,103,11.4,8.3,Low
64,18.9,122,124,5.6,9.4,Low
21,18.9,112,75,10.3,6.0,Low
45,31.0,102,76,0.3,4.8,Low
39,23.8,146,133,10.6,4.5,Moderate
29,19.2,141,181,3.4,6.1,High
69,25.0,111,93,1.8,8.0,Moderate
72,20.0,143,188,9.7,7.7,High
42,31.8,168,72,10.4,8.8,Moderate
75,19.5,152,93,10.7,6.4,Moderate
59,23.0,157,209,2.8,9.3,High
51,26.9,169,89,5.3,8.0,Moderate
60,29.8,139,103,10.1,7.1,Moderate
21,17.2,110,194,10.2,8.7,Moderate
22,31.3,131,126,4.1,5.5,Moderate
53,29.2,141,125,1.1,6.4,Moderate
23,33.3,147,145,1.6,6.7,High
24,24.7,94,207,6.7,8.5,High
79,28.8,128,195,6.8,7.6,High
39,23.9,96,122,10.2,5.8,Low
56,26.0,136,180,1.5,8.2,High
39,23.7,127,205,6.4,7.9,Moderate
28,26.4,142,92,3.2,5.1,Low
72,24.5,148,113,8.7,4.6,Moderate
77,29.0,165,96,9.3,6.5,High
79,26.6,153,66,6.5,4.3,High
71,28.1,155,110,8.4,5.0,High
24,24.4,166,147,6.1,6.1,High
76,30.2,121,135,4.9,5.9,High
69,19.5,142,196,3.7,7.9,High
63,31.0,160,120,2.6,7.4,High
40,34.5,106,110,6.1,7.8,Low
25,31.5,161,187,7.1,9.2,High
61,31.2,158,138,10.6,6.3,High
24,17.5,108,78,8.1,5.1,Low
28,35.7,122,102,10.1,7.8,Low
66,27.3,135,180,1.4,8.8,High
73,21.3,161,164,3.0,8.3,High
36,30.2,96,162,4.8,9.3,Moderate
38,35.4,96,68,9.0,5.1,Low
73,33.5,118,159,9.1,7.0,High
67,30.8,114,140,5.5,9.4,Moderate
79,20.3,155,95,4.7,6.4,High
